{
    "MyList": [
        {
            "icon": "https:\/\/lh3.googleusercontent.com\/NxZifx8i6rZPo0TIfqbSeZWlYdUcqT-lNYq1wAkgI5_HlwezSrqzwU2uElecDMqJE1ob=w300",
            "Name": "2 Tap Life",
            "shortdec": "Roll fast, be attentive, avoid various obstacles",
            "downloadcount": "1 - 5",
            "reviewstar": 0,
            "downloadurl": "https:\/\/play.google.com\/store\/apps\/details?id=com.irshadkhan.towtaplife"
        },
        {
            "icon": "https:\/\/lh3.googleusercontent.com\/zy4kJZb918ad8WcLlL4BWBi5Bv6NIkmwO-ITuzVCsIXJIYM6CUs_2SfiChN_s24ANU0=w300",
            "Name": "Scrat Finding Acorn : Nuts",
            "shortdec": "Start Your Addiction Scrat Finding Acorn Game",
            "downloadcount": "100 - 500",
            "reviewstar": 0.6,
            "downloadurl": "https:\/\/play.google.com\/store\/apps\/details?id=com.irshadkhan.scratdindingacornnuts"
        },
        {
            "icon": "https:\/\/lh3.googleusercontent.com\/-C2yjqPvA7wv9n8BpCLnbsNOrWlaplVjyzpqZsss7oSdswESHFosj3tApJYdmM6aol4=w300",
            "Name": "Nougat Calculator Flat",
            "shortdec": "This is perfect Calculator app for Android device.",
            "downloadcount": "50 - 100",
            "reviewstar": 0.6,
            "downloadurl": "https:\/\/play.google.com\/store\/apps\/details?id=com.irshadkhan.nougatcalculatorflat"
        },
        {
            "icon": "https:\/\/lh3.googleusercontent.com\/f2_8TdHq_3jee1Pa1VvvwBwjbf_0odLXXKEQUNEM_0sfO0meUjpmZy7SPy_DxWdVBII=w300",
            "Name": "My Cleaner Pro",
            "shortdec": "My Cleaner Pro app is very useful app for Your Android Device.",
            "downloadcount": "100 - 500",
            "reviewstar": 0.7,
            "downloadurl": "https:\/\/play.google.com\/store\/apps\/details?id=com.intellegallery.mycleanerpro"
        },
        {
            "icon": "https:\/\/lh3.googleusercontent.com\/s8NR74iqbN9Oicwe8rykrTddjq2usOvy9yjl7JGHasEc1j595LA6eV84FEst2xQ-s3k=w300",
            "Name": "Zombi Slayer",
            "shortdec": "Some country together worked on their secret Science",
            "downloadcount": "500 - 1000",
            "reviewstar": 0.83,
            "downloadurl": "https:\/\/play.google.com\/store\/apps\/details?id=com.IPlayApp.ZombiSlayer"
        },
        {
            "icon": "https:\/\/lh3.googleusercontent.com\/rx1Oh9-w4wRwugWgMw4IeRYR_nln_-MNTWoC5cgHnNmJwwJsbgaIvnSru-J0rzvhBzw=w300",
            "Name": "Candy Thrust HD",
            "shortdec": "There are more than 70 levels in this game",
            "downloadcount": "10 - 50",
            "reviewstar": 1,
            "downloadurl": "https:\/\/play.google.com\/store\/apps\/details?id=com.IPlayApp.CandyThrustHD"
        },
        {
            "icon": "https:\/\/lh3.googleusercontent.com\/uOUOKnj4g_jQOsS3NnKe7GR7kMwhapHMSDy0-qvHofiuChTVHHndN1NBHHz5cCOBoA=w300",
            "Name": "Boat War The Game",
            "shortdec": " Our game is about adventure in Speed Boating.",
            "downloadcount": "500 - 100",
            "reviewstar": 0.9,
            "downloadurl": "https:\/\/play.google.com\/store\/apps\/details?id=com.IPlayApp.BoatWarTheGame"
        }
    ],
    "0": {
        "firstName": null,
        "lastName": null,
        "email": null,
        "mobile": null
    },
    "1": {
        "icon": null,
        "Name": null,
        "shortdec": null,
        "downloadcount": null,
        "reviewstar": null,
        "downloadurl": null
    }
}